Timestamp,Message
13:04:24,Creating temporary directory...
13:04:24,Reading CSV file...
13:04:24,Cleaning data...
13:04:24,Saving processed CSV...
13:04:24,Processing complete!
13:05:34,Reading Excel file structure...
13:05:34,"Found 5 sheets: Blanco 2024 NOI, Rio 2024 NOI, Instructions, Management Fee Sliding Scale, Reference Values"
13:05:34,Selected sheet: Blanco 2024 NOI
13:05:34,File position before conversion: 23944
13:05:34,Creating temporary directory...
13:05:34,Reading Excel file...
13:05:34,Converting sheet: Blanco 2024 NOI
13:05:34,Cleaning data...
13:05:34,Saving CSV file...
13:05:34,Conversion complete!
13:05:34,Successfully converted sheet to: Model - Rio-Blanco (tm 03 09 25)_Blanco 2024 NOI.csv
13:05:34,"DataFrame loaded with shape: (68, 1)"
